request_id,timestamp,age,workclass,education.num,marital.status,occupation,relationship,race,sex,capital.gain,capital.loss,hours.per.week,native.country,prediction,probability,model_version
26213ea4-1f4a-4298-b417-76c78cb4b8a9,2026-02-19 06:58:09,17,string,1,string,string,string,string,Male,0.0,0.0,1,string,0,1.1751469173759688e-05,1.0.0
a3289583-91b7-42ea-a123-0c379c7b35ed,2026-02-19 09:40:30,52,Self-emp-inc,16,Married-civ-spouse,Exec-managerial,Husband,White,Male,15024.0,0.0,50,United-States,1,0.9999451637268066,1.0.0
62c65250-88f9-484a-97fb-c9f714008c50,2026-02-19 09:47:35,52,Self-emp-inc,11,Married-civ-spouse,Exec-managerial,Husband,White,Male,150.0,0.0,4,Mexico,0,0.0015608944231644273,1.0.0
6bdcc826-a196-4bc1-a005-250a87d8ffc0,2026-02-19 09:48:42,52,Self-emp-inc,16,Married-civ-spouse,Exec-managerial,Husband,White,Male,15024.0,0.0,50,United-States,1,0.9999451637268066,1.0.0
47744953-0847-4976-aa00-263e7a510452,2026-02-19 09:49:03,52,Self-emp-inc,16,Married-civ-spouse,Exec-managerial,Husband,White,Male,15.0,1.0,5,Mexico,1,0.8776956796646118,1.0.0
a2efbdfe-f9e6-4147-83ed-868305138548,2026-02-19 10:00:10,52,Self-emp-inc,16,Married-civ-spouse,Exec-managerial,Husband,White,Male,15024.0,0.0,50,United-States,1,0.9999451637268066,1.0.0
7a8b40fc-13ab-4813-96bf-15608b819ac5,2026-02-19 10:01:07,52,Self-emp-inc,16,Married-civ-spouse,Exec-managerial,Husband,White,Male,15.0,10.0,5,Mexico,1,0.8776956796646118,1.0.0
7c288498-d484-4812-9ea1-8e54bb008272,2026-02-19 10:02:42,20,Self-emp-inc,8,Married-civ-spouse,Exec-managerial,Wife,White,Female,15.0,10.0,5,Mexico,0,0.003323580836877227,1.0.0
c6321bad-7542-41a4-8c06-651e1e25331b,2026-02-19 10:02:55,20,Self-emp-inc,8,Married-civ-spouse,Exec-managerial,Husband,White,Male,15.0,10.0,5,Mexico,0,0.001303092809394002,1.0.0
796b93fb-61e5-4563-a9b4-5ff506d8dd30,2026-02-19 10:03:07,20,Self-emp-inc,11,Married-civ-spouse,Exec-managerial,Husband,White,Male,15.0,10.0,5,Mexico,0,0.0007747041527181864,1.0.0
997c0702-f7a4-4fd0-96c8-68e2bc45aac0,2026-02-19 11:03:23,17,string,1,string,string,string,string,Male,0.0,0.0,1,string,0,1.1751469173759688e-05,1.0.0
31e52b50-a0f6-4f43-9d43-858f209b2bfd,2026-02-19 11:03:24,17,string,1,string,string,string,string,Male,0.0,0.0,1,string,0,1.1751469173759688e-05,1.0.0
a1d4cc9a-6ff1-44f4-a5de-2b8e8a87f7f8,2026-02-19 11:03:25,17,string,1,string,string,string,string,Male,0.0,0.0,1,string,0,1.1751469173759688e-05,1.0.0
a1f5ac6d-de77-4712-95f6-ea0283cc745f,2026-02-19 11:03:25,17,string,1,string,string,string,string,Male,0.0,0.0,1,string,0,1.1751469173759688e-05,1.0.0
6589cc98-3b9e-4452-b6d9-df0f938f5cd2,2026-02-19 11:03:25,17,string,1,string,string,string,string,Male,0.0,0.0,1,string,0,1.1751469173759688e-05,1.0.0
291468cb-957d-4269-a798-4a11be74c9bd,2026-02-19 11:03:25,17,string,1,string,string,string,string,Male,0.0,0.0,1,string,0,1.1751469173759688e-05,1.0.0
91110b6d-181d-4ce7-ba6d-d5228ac19ad0,2026-02-19 11:03:25,17,string,1,string,string,string,string,Male,0.0,0.0,1,string,0,1.1751469173759688e-05,1.0.0
fd6e72c0-cfcc-4095-97fa-862d159bb5d2,2026-02-19 11:03:25,17,string,1,string,string,string,string,Male,0.0,0.0,1,string,0,1.1751469173759688e-05,1.0.0
56bbbdb9-df6a-4feb-b83a-f9f3cb44dfcd,2026-02-19 11:03:26,17,string,1,string,string,string,string,Male,0.0,0.0,1,string,0,1.1751469173759688e-05,1.0.0
558d3cba-2049-413b-9694-f297e4c0709d,2026-02-19 11:03:26,17,string,1,string,string,string,string,Male,0.0,0.0,1,string,0,1.1751469173759688e-05,1.0.0
2dd796f0-9ddc-42f8-afa0-40a4f1c82d6e,2026-02-19 11:03:26,17,string,1,string,string,string,string,Male,0.0,0.0,1,string,0,1.1751469173759688e-05,1.0.0
619e2cf2-b2a0-43c0-97cc-e552af59aab5,2026-02-19 11:03:26,17,string,1,string,string,string,string,Male,0.0,0.0,1,string,0,1.1751469173759688e-05,1.0.0
c29ad123-1fb5-40d5-bd91-8cd188aebc6f,2026-02-19 11:03:26,17,string,1,string,string,string,string,Male,0.0,0.0,1,string,0,1.1751469173759688e-05,1.0.0
a3ea84cb-27b6-45e0-aaba-d97d03433376,2026-02-19 11:03:26,17,string,1,string,string,string,string,Male,0.0,0.0,1,string,0,1.1751469173759688e-05,1.0.0
c0a5cd6c-df88-4cdb-9d8b-6d5aefba7cd0,2026-02-19 11:03:27,17,string,1,string,string,string,string,Male,0.0,0.0,1,string,0,1.1751469173759688e-05,1.0.0
62c851af-2b19-4578-9324-90854aa7ec8d,2026-02-19 11:03:27,17,string,1,string,string,string,string,Male,0.0,0.0,1,string,0,1.1751469173759688e-05,1.0.0
60ec8d82-7920-495b-a596-7871f4ceb0e2,2026-02-19 11:03:27,17,string,1,string,string,string,string,Male,0.0,0.0,1,string,0,1.1751469173759688e-05,1.0.0
ce02fb7b-1034-40f5-bffe-1ecf9e98fe04,2026-02-19 11:03:27,17,string,1,string,string,string,string,Male,0.0,0.0,1,string,0,1.1751469173759688e-05,1.0.0
935fe0e4-b320-4837-8958-68563002ede0,2026-02-19 11:03:27,17,string,1,string,string,string,string,Male,0.0,0.0,1,string,0,1.1751469173759688e-05,1.0.0
f2645a44-7a26-49d6-9279-ccea0a0b9c7f,2026-02-19 11:03:27,17,string,1,string,string,string,string,Male,0.0,0.0,1,string,0,1.1751469173759688e-05,1.0.0
5e8fddd8-6ac3-4f8e-9f3d-713e8c2e21d6,2026-02-19 11:03:28,17,string,1,string,string,string,string,Male,0.0,0.0,1,string,0,1.1751469173759688e-05,1.0.0
1086dfa6-c9eb-454f-ab97-b90eda3e9ef3,2026-02-19 11:03:28,17,string,1,string,string,string,string,Male,0.0,0.0,1,string,0,1.1751469173759688e-05,1.0.0
95aa0597-2168-41bb-8428-2c73528a6b50,2026-02-19 11:03:28,17,string,1,string,string,string,string,Male,0.0,0.0,1,string,0,1.1751469173759688e-05,1.0.0
6a1252e6-cbab-42e6-ac33-d2083d317ab4,2026-02-19 11:03:28,17,string,1,string,string,string,string,Male,0.0,0.0,1,string,0,1.1751469173759688e-05,1.0.0
6808e666-20ce-49fd-b2d1-f8486aaa4b3b,2026-02-19 11:03:28,17,string,1,string,string,string,string,Male,0.0,0.0,1,string,0,1.1751469173759688e-05,1.0.0
15da83f3-f445-44e9-9271-4d070c37157b,2026-02-19 11:03:28,17,string,1,string,string,string,string,Male,0.0,0.0,1,string,0,1.1751469173759688e-05,1.0.0
680ae37d-10f1-4490-bb14-b02208e18178,2026-02-19 11:03:29,17,string,1,string,string,string,string,Male,0.0,0.0,1,string,0,1.1751469173759688e-05,1.0.0
648f01a6-4150-4874-897f-44d0c37676b2,2026-02-19 11:03:29,17,string,1,string,string,string,string,Male,0.0,0.0,1,string,0,1.1751469173759688e-05,1.0.0
4f9fa5fa-eb3a-494b-88c2-f1a1ee5fcadf,2026-02-19 11:03:29,17,string,1,string,string,string,string,Male,0.0,0.0,1,string,0,1.1751469173759688e-05,1.0.0
dc22eb61-6d58-447b-ba57-327fe8f686df,2026-02-19 11:03:29,17,string,1,string,string,string,string,Male,0.0,0.0,1,string,0,1.1751469173759688e-05,1.0.0
71f4546a-a99e-47d3-aa7a-bf950836ce18,2026-02-19 11:03:29,17,string,1,string,string,string,string,Male,0.0,0.0,1,string,0,1.1751469173759688e-05,1.0.0
74a75a1a-c861-493c-9d29-7e3186d3054f,2026-02-19 12:57:00,39,State-gov,13,Never-married,Adm-clerical,Not-in-family,White,Male,2174.0,0.0,40,United-States,0,0.002229929668828845,1.0.0
91881e1e-5ee9-4b1e-910a-3690e22221ea,2026-02-19 12:57:35,52,Self-emp-inc,16,Married-civ-spouse,Exec-managerial,Husband,White,Male,15024.0,0.0,50,United-States,1,0.9999451637268066,1.0.0
bb4e4321-f51a-4c2e-8e94-249581af969b,2026-02-19 12:58:46,52,Self-emp-inc,16,Married-civ-spouse,Exec-managerial,Husband,White,Male,15024.0,0.0,50,United-States,1,0.9999451637268066,1.0.0
f85b636a-1e0e-450d-8d4e-ad0a0f53f9ec,2026-02-19 12:59:19,23,Private,10,Never-married,Other-service,Not-in-family,Black,Female,0.0,0.0,35,United-States,0,0.0011831941083073616,1.0.0
a05912c8-4061-42de-966f-572818d8fd3a,2026-02-19 12:59:50,38,Private,14,Married-civ-spouse,Prof-specialty,Husband,White,Male,0.0,0.0,40,United-States,1,0.8782272338867188,1.0.0
872e901c-22b3-4fbb-947b-ba9d434c87b0,2026-02-19 13:00:15,29,Private,13,Never-married,Sales,Not-in-family,White,Female,0.0,0.0,25,United-States,0,0.02945646457374096,1.0.0
dff596f5-11df-4573-99bc-d0c78eb0c745,2026-02-19 13:00:46,58,Federal-gov,13,Married-civ-spouse,Adm-clerical,Wife,White,Female,0.0,0.0,40,United-States,1,0.7917906045913696,1.0.0
b4f76b6d-76a2-405e-bf17-b38cc653e517,2026-02-19 13:01:15,27,Private,16,Never-married,Tech-support,Not-in-family,Asian-Pac-Islander,Male,0.0,0.0,45,India,0,0.1583845615386963,1.0.0
1b70c9f8-b65d-4d17-8b64-a8482dffab66,2026-02-19 13:01:37,45,Self-emp-not-inc,9,Married-civ-spouse,Craft-repair,Husband,White,Male,0.0,0.0,55,United-States,1,0.675274133682251,1.0.0
ff6e78c6-0255-412a-961d-dd341ca35f51,2026-02-19 13:02:01,41,Private,12,Divorced,Sales,Not-in-family,White,Female,0.0,1887.0,40,United-States,0,0.29250794649124146,1.0.0
52fb39e2-4873-4ab1-bc9f-acab8710580d,2026-02-19 13:02:28,35,Private,15,Married-civ-spouse,Prof-specialty,Husband,Asian-Pac-Islander,Male,5013.0,0.0,50,China,0,0.13243503868579865,1.0.0
f8bf155d-e899-4946-92bb-069bc3377ed2,2026-02-19 13:03:19,67,Self-emp-inc,13,Married-civ-spouse,Exec-managerial,Husband,White,Male,99999.0,0.0,20,United-States,1,0.9961496591567993,1.0.0
b55b3d60-cf9e-4ebd-87d7-e97459ed7ebc,2026-02-19 13:15:16,52,Self-emp-inc,16,Married-civ-spouse,Exec-managerial,Husband,White,Male,15024.0,0.0,50,United-States,1,0.9999451637268066,1.0.0
f326536e-d678-425c-b32b-77ee9598742b,2026-02-19 13:15:23,23,Private,10,Never-married,Other-service,Not-in-family,Black,Female,0.0,0.0,35,United-States,0,0.0011831941083073616,1.0.0
bd2f2914-8283-4a3b-ae65-08510d0fa661,2026-02-19 13:15:29,38,Private,14,Married-civ-spouse,Prof-specialty,Husband,White,Male,0.0,0.0,40,United-States,1,0.8782272338867188,1.0.0
ff8df14c-8f86-4f91-a2e4-431345fd81a2,2026-02-19 13:15:35,29,Private,13,Never-married,Sales,Not-in-family,White,Female,0.0,0.0,25,United-States,0,0.02945646457374096,1.0.0
f89074f0-654d-40de-ad45-d12739e76773,2026-02-19 13:15:41,58,Federal-gov,13,Married-civ-spouse,Adm-clerical,Wife,White,Female,0.0,0.0,40,United-States,1,0.7917906045913696,1.0.0
c12917f9-0d7f-499b-ae38-177bc988c27a,2026-02-19 13:15:48,27,Private,16,Never-married,Tech-support,Not-in-family,Asian-Pac-Islander,Male,0.0,0.0,45,India,0,0.1583845615386963,1.0.0
2276b797-32b6-476b-ba32-21338b22b2dc,2026-02-19 13:15:53,45,Self-emp-not-inc,9,Married-civ-spouse,Craft-repair,Husband,White,Male,0.0,0.0,55,United-States,1,0.675274133682251,1.0.0
fb7b8a1f-e271-4d4a-9379-2233345fa5c0,2026-02-19 13:15:59,41,Private,12,Divorced,Sales,Not-in-family,White,Female,0.0,1887.0,40,United-States,0,0.29250794649124146,1.0.0
f3a18ee5-c908-4bb5-aeee-282069d5e5df,2026-02-19 13:16:06,35,Private,15,Married-civ-spouse,Prof-specialty,Husband,Asian-Pac-Islander,Male,5013.0,0.0,50,China,0,0.13243503868579865,1.0.0
97107d3e-1a05-43b0-8f42-d9323df28022,2026-02-19 13:16:12,67,Self-emp-inc,13,Married-civ-spouse,Exec-managerial,Husband,White,Male,99999.0,0.0,20,United-States,1,0.9961496591567993,1.0.0
aa003f66-c93c-4da9-8f54-b46f191108b4,2026-02-19 13:20:53,52,Self-emp-inc,16,Married-civ-spouse,Exec-managerial,Husband,White,Male,15024.0,0.0,50,United-States,1,0.9999451637268066,1.0.0
5a82bcef-86c6-4dcf-b9f6-68a59c4160a0,2026-02-19 13:21:00,23,Private,10,Never-married,Other-service,Not-in-family,Black,Female,0.0,0.0,35,United-States,0,0.0011831941083073616,1.0.0
bc4d1f8f-0f38-4b1a-ac73-0d85cee12e05,2026-02-19 13:21:06,38,Private,14,Married-civ-spouse,Prof-specialty,Husband,White,Male,0.0,0.0,40,United-States,1,0.8782272338867188,1.0.0
8e64deb3-5830-4269-891f-5c5ee367c008,2026-02-19 13:21:10,29,Private,13,Never-married,Sales,Not-in-family,White,Female,0.0,0.0,25,United-States,0,0.02945646457374096,1.0.0
1b40ec40-3be3-4944-ae20-2fd79aa703b7,2026-02-19 13:21:14,58,Federal-gov,13,Married-civ-spouse,Adm-clerical,Wife,White,Female,0.0,0.0,40,United-States,1,0.7917906045913696,1.0.0
387616f1-c306-4e50-ab2b-a3bd70713d61,2026-02-19 13:21:20,27,Private,16,Never-married,Tech-support,Not-in-family,Asian-Pac-Islander,Male,0.0,0.0,45,India,0,0.1583845615386963,1.0.0
c786e3e2-f433-41db-81dc-394ca979d157,2026-02-19 13:21:26,45,Self-emp-not-inc,9,Married-civ-spouse,Craft-repair,Husband,White,Male,0.0,0.0,55,United-States,1,0.675274133682251,1.0.0
b971e50e-3525-4213-a245-2960bc2d4efd,2026-02-19 13:21:30,41,Private,12,Divorced,Sales,Not-in-family,White,Female,0.0,1887.0,40,United-States,0,0.29250794649124146,1.0.0
db73cf0f-3b8d-40de-85df-ae623f7b79b6,2026-02-19 13:21:41,35,Private,15,Married-civ-spouse,Prof-specialty,Husband,Asian-Pac-Islander,Male,5013.0,0.0,50,China,0,0.13243503868579865,1.0.0
559d218a-08b4-48de-8ce9-295ba4ec4313,2026-02-19 13:21:47,67,Self-emp-inc,13,Married-civ-spouse,Exec-managerial,Husband,White,Male,99999.0,0.0,20,United-States,1,0.9961496591567993,1.0.0
a61aab3a-0234-46a9-a21f-8697fe8bc874,2026-02-22 07:04:53,17,string,1,string,string,string,string,Male,0.0,0.0,1,string,0,1.1751469173759688e-05,1.0.0
794a49d4-db4f-4b4c-bb4d-27b18e7cbde9,2026-02-22 07:11:14,25,Private,16,Never-married,Tech-support,Not-in-family,White,Male,0.0,0.0,40,United-States,0,0.02309594489634037,1.0.0
be5a1e69-3e3b-4672-9739-a4e272f50efb,2026-02-22 07:11:36,55,Private,16,Married-civ-spouse,Exec-managerial,Husband,White,Male,25000.0,0.0,60,United-States,1,0.9961611032485962,1.0.0
4816ab1d-0f5a-4f30-8176-17261f5966d0,2026-02-22 07:12:08,19,Private,10,Never-married,Sales,Own-child,Black,Female,0.0,0.0,20,United-States,0,1.660152520344127e-06,1.0.0
121334c1-7e15-4c57-956b-fab208844336,2026-02-22 07:12:28,42,State-gov,16,Married-civ-spouse,Prof-specialty,Husband,Asian-Pac-Islander,Male,0.0,0.0,45,China,1,0.9055684804916382,1.0.0
d5ff1e32-3b6f-4233-96e8-ad24916a919d,2026-02-22 07:13:06,48,Self-emp-inc,13,Married-civ-spouse,Exec-managerial,Husband,White,Male,15024.0,0.0,55,United-States,1,0.9999845027923584,1.0.0
92a5b5d2-f2a7-441a-8893-86fb6b5eb63f,2026-02-22 07:13:30,38,Private,12,Divorced,Adm-clerical,Not-in-family,White,Female,0.0,0.0,40,United-States,0,0.08883216232061386,1.0.0
5bea4c4c-df4e-4a73-af73-16d7a0392a75,2026-02-22 07:13:59,30,Private,14,Never-married,Sales,Not-in-family,Other,Male,0.0,2500.0,50,Mexico,1,0.9865567088127136,1.0.0
e2a2c2af-632f-47fb-9c46-7478dad49e13,2026-02-22 07:14:18,70,Self-emp-not-inc,13,Married-civ-spouse,Exec-managerial,Husband,White,Male,99999.0,0.0,15,United-States,1,0.9869966506958008,1.0.0
bfb762c4-156e-42ae-a328-43fc86b8923e,2026-02-22 07:14:33,35,Private,9,Married-civ-spouse,Other-service,Wife,Black,Female,0.0,0.0,55,United-States,0,0.4571814239025116,1.0.0
08bac1d0-98c5-40c7-b4fb-4c8fe1671c27,2026-02-22 07:14:47,45,Federal-gov,14,Married-civ-spouse,Protective-serv,Husband,White,Male,0.0,0.0,40,United-States,1,0.8579279780387878,1.0.0
